<?xml version="1.0" encoding="utf-8" standalone="yes"?>
<rss version="2.0" xmlns:atom="http://www.w3.org/2005/Atom">
  <channel>
    <title>Berlin 2022 - Intro to Computer Science on Intro to Computer-Science Berlin</title>
    <link>https://redi-school.github.io/ber-dcp-intro-to-computer-science/</link>
    <description>Recent content in Berlin 2022 - Intro to Computer Science on Intro to Computer-Science Berlin</description>
    <generator>Hugo -- gohugo.io</generator><atom:link href="https://redi-school.github.io/ber-dcp-intro-to-computer-science/index.xml" rel="self" type="application/rss+xml" />
    <item>
      <title>Search</title>
      <link>https://redi-school.github.io/ber-dcp-intro-to-computer-science/search/</link>
      <pubDate>Mon, 01 Jan 0001 00:00:00 +0000</pubDate>
      
      <guid>https://redi-school.github.io/ber-dcp-intro-to-computer-science/search/</guid>
      <description></description>
    </item>
    
  </channel>
</rss>
