[{"body":" Basics of operating systems Linux file system hierarchy Navigation of Linux file system Working with files: Create, View, Manipulate Command line overview  Let\u0026#39;s learn about the computer\u0026#39;s file system! 💻 ","link":"https://redi-school.github.io/ber-dcp-intro-to-computer-science/docs/file_system/","title":"1 - File System Basics"},{"body":" Git terminology Working with a local repository Creating, initializing, and cloning a repository Basics of branching Staging and committing work Setting up remote repository (GitHub) and pushing local commits  Let\u0026#39;s learn about Git! 💻 ","link":"https://redi-school.github.io/ber-dcp-intro-to-computer-science/docs/git/","title":"2 - Version Control with Git and GitHub"},{"body":"Programming fundamentals in Python including:\n Functions Data types Conditional logic (if, elif, else and boolean expressions) Control flow (while and for loops) Classes and objects  Introduction to Python 💻 ","link":"https://redi-school.github.io/ber-dcp-intro-to-computer-science/docs/python/","title":"3 - Programming in Python"},{"body":" Basic knowledge of HTML Basic knowledge of CSS Practical lesson demonstrating HTML \u0026amp; CSS Basic knowledge of JavaScript Practical lesson demonstrating HTML, CSS \u0026amp; JavaScript Job Opportunities (frontend dev)  Basic knowledge of HTML 💻 ","link":"https://redi-school.github.io/ber-dcp-intro-to-computer-science/docs/web/","title":"4 - Introduction to Web Development"},{"body":"This section contains cheat sheets and glossaries on some of the topics we have covered for quick reference.\nTable of Contents  Command Line git HTML  Command Line Useful commands    command what it does     man (mac/linux), help (windows) show information about what a command does and how to use it   pwd print working directory (print the path to where I currently am in the file system)   cd change directory (this moves you, the viewer of the terminal, to a new location in the file system). You may use an absolute file path or a relative path where . is the current working directory and .. is the parent directory.   ls list the contents of the directory   mkdir make a directory   touch create a new file   rm delete a file (note: to delete a directory, add the option -r or -d)   cp copy a file (note: to copy a directory you probably need to add an option (like -r))   mv move a file or directory to a new location (note: this can also be useful for changing the name of a file/directory)   echo print some text; often used in conjunction with other commands   cat print the contents of the file   \u0026gt; this is an operator: X \u0026gt; Y will redirect (send) the outputs of command X to Y; if Y exists, it this will overwrite the existing file.   \u0026gt;\u0026gt; this is an operator similar to the above: X \u0026gt;\u0026gt; Y will send the outputs of command X to Y; if Y exists, it this will append to the existing file.    git Glossary    Term Meaning     repository (also known as repo) the place where code is stored.   branch a pointer to a commit   remote a repository that is hosted by a web service   origin the remote repository associated with a project   head the last commit in the checked-out branch   staging area the intermediate area where a change is added before it is committed   pull request (also known as a PR) lets you get feedback on your code changes in GitHub    Commands Note: you can add the --help flag behind any of these commands to find out more information about them including the arguments/options that can be passed in.\n   command what it does     git commit create a snapshot of changes made to a repository since last commit   git commit -m \u0026quot;MESSAGE\u0026quot; create a commit ^ and add a useful message   git status get the current state of the git repository   git log get the commit history of the current repository \u0026amp; branch   git pull bring the latest changes from the remote repository into your local repo   git push send the latest changes from the local repository to the remote repo   git checkout BRANCHNAME switch to the BRANCHNAME (fill this in) branch, i.e. update the repository's contents to match the tip of BRANCHNAME   git remote -v list the remote(s) for the given local repository    HTML Important HTML Tags    Tag Purpose Playground     \u0026lt;html\u0026gt; \u0026lt;/html\u0026gt; Creates an HTML document    \u0026lt;head\u0026gt; \u0026lt;/head\u0026gt; Contains the title of the document \u0026amp; other info that isn't displayed Try it   \u0026lt;body\u0026gt; \u0026lt;/body\u0026gt; Contains the visible parts of the document    \u0026lt;title\u0026gt; \u0026lt;/title\u0026gt; Specifies the name of the document in the browser title bar; when bookmarking pages, this is what is bookmarked    \u0026lt;h1\u0026gt; \u0026lt;/h1\u0026gt; to \u0026lt;h6\u0026gt; \u0026lt;/h6\u0026gt; Creates text headlines. H1=largest, H6=smallest Try it   \u0026lt;strong\u0026gt; \u0026lt;/strong\u0026gt; or \u0026lt;b\u0026gt; \u0026lt;/b\u0026gt; Emphasizes a word (usually processed in bold) Try it   \u0026lt;em\u0026gt; \u0026lt;/em\u0026gt; or \u0026lt;i\u0026gt; \u0026lt;/i\u0026gt; Emphasizes a word (usually processed in italics) Try it   \u0026lt;a href=\u0026quot;URL\u0026quot;\u0026gt;clickable text\u0026lt;/a\u0026gt; Creates a link to another web page or website Try it   \u0026lt;p\u0026gt; \u0026lt;/p\u0026gt; Creates a new paragraph Try it   \u0026lt;br /\u0026gt; Interrupts the flow of text to a new line Try it   \u0026lt;div\u0026gt; \u0026lt;/div\u0026gt; Used to format block content with CSS Try it   \u0026lt;span\u0026gt; \u0026lt;span\u0026gt; Used to format inline content with CSS Try it   \u0026lt;ul\u0026gt; \u0026lt;/ul\u0026gt; Creates an unordered list Try it   \u0026lt;ol start=xx\u0026gt; \u0026lt;/ol\u0026gt; Creates an ordered list (start=xx, where xx is a counting number) Try it   \u0026lt;li\u0026gt; \u0026lt;/li\u0026gt; Specifies each list item of either the unordered or ordered list Try it   \u0026lt;img src=\u0026quot;URL\u0026quot; /\u0026gt; Specifies an image located at the URL Try it   \u0026lt;table\u0026gt; \u0026lt;/table\u0026gt; Creates a table Try it   \u0026lt;th\u0026gt; \u0026lt;/th\u0026gt; Creates a table header    \u0026lt;tr\u0026gt; \u0026lt;/tr\u0026gt; Creates a row of a table    \u0026lt;td\u0026gt; \u0026lt;/td\u0026gt; Creates a column within a row of a table    \u0026lt;iframe\u0026gt; \u0026lt;/iframe\u0026gt; Used to embed a webpage within another webpage. Its useful for embedding youtube videos on a web page Try it    ","link":"https://redi-school.github.io/ber-dcp-intro-to-computer-science/docs/references/","title":"References \u0026 Cheat Sheets"},{"body":"In this awesome course you will learn fundamental computer science skills that are an absolute MUST for working in IT 🎉\nYou will be also introduced to the fundamentals of programming and gain experience with: Python, GitHub, HTML, CSS, JavaScript.\nSections 📚 These docs consist of four parts:\n File System Basics Version Control with Git and GitHub Python Programming Introduction to Web Development  After this course 🤔 You will...\n Understand files and file systems Use git/GitHub for version control Create basic programs in Python Understand the fundamentals of the web and web development  After the successful completion of this introductory course, you can choose to apply for any other intermediate-level courses offered by ReDI!\nCourses links File System Basics Version Control with Git and GitHub Python Programming Web Fundamentals ","link":"https://redi-school.github.io/ber-dcp-intro-to-computer-science/docs/","title":"Welcome to the course 🎉"},{"body":"Intro to Computer Science Spring 2022, Berlin 🇩🇪\nHere you will find most of the content for our courses, prerequisites for each class, summaries of the classes and extra content so you can work on your own.\nGet started with the course 🚀\n Margaret Hamilton - She sent rockets to the moon 🚀\n  ","link":"https://redi-school.github.io/ber-dcp-intro-to-computer-science/","title":"Berlin 2022 - Intro to Computer Science"}]