<?xml version="1.0" encoding="utf-8" standalone="yes"?>
<rss version="2.0" xmlns:atom="http://www.w3.org/2005/Atom">
  <channel>
    <title>Welcome to the course 🎉 on Intro to Computer-Science Berlin</title>
    <link>https://redi-school.github.io/ber-dcp-intro-to-computer-science/docs/</link>
    <description>Recent content in Welcome to the course 🎉 on Intro to Computer-Science Berlin</description>
    <generator>Hugo -- gohugo.io</generator><atom:link href="https://redi-school.github.io/ber-dcp-intro-to-computer-science/docs/index.xml" rel="self" type="application/rss+xml" />
  </channel>
</rss>
